epoch,class,roc_auc,pr_auc
1,Aortic enlargement,0.9421045712289005,0.8436837985849959
1,Atelectasis,0.8868670609231201,0.1803908794568565
1,Calcification,0.8027319347319348,0.10010641034312268
1,Cardiomegaly,0.9390038252966602,0.772617111942241
1,Consolidation,0.8847857359176257,0.2420743104993746
1,ILD,0.8638396209100162,0.21855061404752546
1,Infiltration,0.8705797911393098,0.26389213724147476
1,Lung Opacity,0.8860575837083631,0.5050126613094263
1,Nodule/Mass,0.8537067888379841,0.27702361690121363
1,Other lesion,0.8557825711820536,0.37268338238103643
1,Pleural effusion,0.8933636828570811,0.4707485282362608
1,Pleural thickening,0.899052560342883,0.6472205239634182
1,Pneumothorax,0.9058582110530162,0.19423705504827873
1,Pulmonary fibrosis,0.8852047302521313,0.5715693093909622
2,Aortic enlargement,0.9576885420018197,0.8843577605204339
2,Atelectasis,0.8853623543409035,0.2347829706685833
2,Calcification,0.8116550116550116,0.11012208130259402
2,Cardiomegaly,0.9580482111634759,0.838852146509689
2,Consolidation,0.913130299818292,0.30079672530991775
2,ILD,0.9218126908381025,0.3516669272576964
2,Infiltration,0.9017171285490428,0.35988854547531224
2,Lung Opacity,0.90481775584554,0.5571732498080292
2,Nodule/Mass,0.8622882826600028,0.28415396199586884
2,Other lesion,0.866553925798102,0.3847930459625603
2,Pleural effusion,0.9203685162108235,0.5906425122499401
2,Pleural thickening,0.9164201986782632,0.7087739012853691
2,Pneumothorax,0.917552144824872,0.1289240664758974
2,Pulmonary fibrosis,0.9124960434211823,0.6503831375743994
3,Aortic enlargement,0.9583424149013827,0.8892279167294281
3,Atelectasis,0.9026314868600622,0.31052107933246437
3,Calcification,0.8298741258741258,0.13651354208060465
3,Cardiomegaly,0.9654880137746181,0.8770261700252139
3,Consolidation,0.9263987734706238,0.3839373878590191
3,ILD,0.9307977241252732,0.37610161352915905
3,Infiltration,0.9095850181355951,0.38717289617847445
3,Lung Opacity,0.9080062321535102,0.5871653254896096
3,Nodule/Mass,0.8699413438844926,0.32125587885602486
3,Other lesion,0.859913718723037,0.37200265889584
3,Pleural effusion,0.9281948036044861,0.6489533402846492
3,Pleural thickening,0.9164348196606261,0.6980803686828911
3,Pneumothorax,0.9221060324956429,0.11848530122885594
3,Pulmonary fibrosis,0.921171977562955,0.702003996605866
4,Aortic enlargement,0.9618885509968967,0.9009884699029725
4,Atelectasis,0.9094726528326976,0.28909471802265924
4,Calcification,0.8390582750582751,0.14594642987642467
4,Cardiomegaly,0.9659739418306397,0.8833871922805901
4,Consolidation,0.9301275741974561,0.3827185748191127
4,ILD,0.943937396759715,0.43492450731558524
4,Infiltration,0.907338615119936,0.4009279441128064
4,Lung Opacity,0.91285410621304,0.5896220185867616
4,Nodule/Mass,0.8655508121615993,0.33147956672557355
4,Other lesion,0.8650284728213978,0.3899482705716208
4,Pleural effusion,0.9373392783824471,0.6926564210405741
4,Pleural thickening,0.9223625836529062,0.7340972448916786
4,Pneumothorax,0.9328161016472705,0.22119828954783433
4,Pulmonary fibrosis,0.9230374071825527,0.7078988942102341
5,Aortic enlargement,0.9577663840136725,0.8922317342081413
5,Atelectasis,0.9090002449522344,0.22171184314065265
5,Calcification,0.8472074592074592,0.23505930235075656
5,Cardiomegaly,0.9650708700552937,0.8866789418827187
5,Consolidation,0.9333831768625076,0.42295844774549124
5,ILD,0.9527889476582183,0.5039038076322663
5,Infiltration,0.9177980867221145,0.4534588677809157
5,Lung Opacity,0.9055562312847156,0.5879718586288061
5,Nodule/Mass,0.8565441482715535,0.3370343388290694
5,Other lesion,0.8651216566005175,0.39863854725064973
5,Pleural effusion,0.9364856980270408,0.7182170158027222
5,Pleural thickening,0.9198791053629765,0.7265718616401604
5,Pneumothorax,0.9280373306347333,0.23611120203262245
5,Pulmonary fibrosis,0.9231956703352584,0.7129870492598208
6,Aortic enlargement,0.9563202524156973,0.8936126174801999
6,Atelectasis,0.8919935612555552,0.23149124425738193
6,Calcification,0.8612587412587414,0.2561502862954726
6,Cardiomegaly,0.9660516015656203,0.887296072230732
6,Consolidation,0.9407082828588734,0.45899310581523683
6,ILD,0.9471660020356064,0.482064235410134
6,Infiltration,0.9144449192938622,0.450918389985344
6,Lung Opacity,0.9045339495983273,0.61193257193472
6,Nodule/Mass,0.8598977856448702,0.3499877014338765
6,Other lesion,0.8622018981880932,0.40064982876925304
6,Pleural effusion,0.9440670762891943,0.7387342623311981
6,Pleural thickening,0.9206728158341061,0.7295384260563194
6,Pneumothorax,0.9301737223815146,0.23296916800762507
6,Pulmonary fibrosis,0.9186553339871417,0.7151867441188948
7,Aortic enlargement,0.9598404411739268,0.8929590027337072
7,Atelectasis,0.9140042691675124,0.32610306965592917
7,Calcification,0.873948717948718,0.28020060977480643
7,Cardiomegaly,0.9679331860017218,0.8809217824215602
7,Consolidation,0.9472668079951545,0.5004952864222362
7,ILD,0.9408506165217827,0.46337110001302795
7,Infiltration,0.9199075139441357,0.46048339529649157
7,Lung Opacity,0.9111425807834209,0.6221224539464111
7,Nodule/Mass,0.8751908926836041,0.3831771159026357
7,Other lesion,0.8672200172562554,0.419966336248943
7,Pleural effusion,0.9458462690975098,0.7533894356202931
7,Pleural thickening,0.9226654468589952,0.7246524658734306
7,Pneumothorax,0.9254230617866981,0.2307074433223663
7,Pulmonary fibrosis,0.9259717617023926,0.7387095285916541
8,Aortic enlargement,0.9622310558490488,0.9048204963934691
8,Atelectasis,0.9099625573013261,0.4118356318571804
8,Calcification,0.8675524475524475,0.27557642400735244
8,Cardiomegaly,0.9685012114918656,0.8819918913283146
8,Consolidation,0.9420710932768019,0.5109088567265394
8,ILD,0.9337343366759548,0.4476910887077224
8,Infiltration,0.9242304699913431,0.4817193080676509
8,Lung Opacity,0.9168795213520762,0.6339291424720148
8,Nodule/Mass,0.8833428779675135,0.380800800279343
8,Other lesion,0.8685729076790337,0.40016221385630074
8,Pleural effusion,0.9397415488341605,0.7423027101764351
8,Pleural thickening,0.9215542521994136,0.7267029323522597
8,Pneumothorax,0.9204194074323945,0.202279566883759
8,Pulmonary fibrosis,0.9249235926254559,0.7333447392793484
9,Aortic enlargement,0.962369441647898,0.9064289869226694
9,Atelectasis,0.9110123525912447,0.423679239508552
9,Calcification,0.8664615384615386,0.2501770009602144
9,Cardiomegaly,0.9634156082754214,0.8705478122188414
9,Consolidation,0.9431878407026045,0.5376013737429564
9,ILD,0.9355113209750889,0.40647102833473187
9,Infiltration,0.9158365933572219,0.4783682040444701
9,Lung Opacity,0.9123357254145599,0.6176974528277963
9,Nodule/Mass,0.8776768360405387,0.37973326250268813
9,Other lesion,0.8665228645383952,0.4175999186635023
9,Pleural effusion,0.9400188724095457,0.7280850839186968
9,Pleural thickening,0.9188263946328463,0.7178411586641044
9,Pneumothorax,0.9273626806094338,0.2216013225888471
9,Pulmonary fibrosis,0.9218309749529101,0.7240830831726921
10,Aortic enlargement,0.9601691074461939,0.9074404745770899
10,Atelectasis,0.9140742555201736,0.356409076595555
10,Calcification,0.867981351981352,0.26855705785189804
10,Cardiomegaly,0.9624526275616618,0.8729168229369707
10,Consolidation,0.9374148243488795,0.5469571778579988
10,ILD,0.9261091552233327,0.42640025043084767
10,Infiltration,0.9214580799281151,0.48494758179551267
10,Lung Opacity,0.9088750267878346,0.5901129524425399
10,Nodule/Mass,0.8631516382063028,0.3643740155033882
10,Other lesion,0.8578671268334772,0.4056774983172767
10,Pleural effusion,0.9442003356695743,0.7578502314025964
10,Pleural thickening,0.921194993775639,0.7313831795774101
10,Pneumothorax,0.9377916455838533,0.1797178749962607
10,Pulmonary fibrosis,0.9156431451299054,0.7138427136658825
11,Aortic enlargement,0.9618487650797275,0.9086552471376456
11,Atelectasis,0.9143192077544878,0.37825190743030485
11,Calcification,0.8586853146853146,0.2943171068699372
11,Cardiomegaly,0.9676891125489256,0.8870870743844901
11,Consolidation,0.9373769685039369,0.552390700528577
11,ILD,0.9259506448867902,0.4457456708703204
11,Infiltration,0.9179734157379708,0.48544196923228433
11,Lung Opacity,0.9080902156348282,0.6152398408941809
11,Nodule/Mass,0.8668827224767457,0.3762985349175105
11,Other lesion,0.8701708369283866,0.4206968714184726
11,Pleural effusion,0.9462532504483998,0.7629546383637614
11,Pleural thickening,0.91777159519095,0.7224324801904107
11,Pneumothorax,0.9117332883566649,0.13067266665472432
11,Pulmonary fibrosis,0.9219321595915253,0.7301391702135177
