epoch,class,roc_auc,pr_auc,f1,Precision,Recall,Specificity,accuracy,TN,FP,FN,TP
4,Aortic enlargement,0.9565122627116006,0.8921746131474164,0.8105906313645621,0.763915547024952,0.8633405639913232,0.9019138755980861,0.8915451895043732,1131,123,63,398
4,Atelectasis,0.8887391958568079,0.23082699141037943,0.0,0.0,0.0,1.0,0.9801749271137026,1681,0,34,0
4,Calcification,0.8362983682983683,0.1656413377288955,0.0,0.0,0.0,1.0,0.9620991253644315,1650,0,65,0
4,Cardiomegaly,0.9655035457216142,0.8800424765775495,0.7843137254901961,0.717948717948718,0.8641975308641975,0.9209202012940331,0.9102040816326531,1281,110,44,280
4,Consolidation,0.925017035130224,0.4299027778546848,0.30434782608695654,0.5,0.21875,0.9915202907328892,0.9626822157434403,1637,14,50,14
4,ILD,0.9261925817162499,0.3726699253013189,0.17073170731707318,0.7777777777777778,0.0958904109589041,0.9987819732034104,0.9603498542274053,1640,2,66,7
4,Infiltration,0.9228935862454387,0.4389723910516616,0.3375,0.5869565217391305,0.23684210526315788,0.9881324172392255,0.9381924198250728,1582,19,87,27
4,Lung Opacity,0.9079309366185354,0.5935871879450221,0.5129533678756477,0.6470588235294118,0.4248927038626609,0.9635627530364372,0.8903790087463557,1428,54,134,99
4,Nodule/Mass,0.8561667013744273,0.29795272682284224,0.0,0.0,0.0,1.0,0.9142857142857143,1568,0,147,0
4,Other lesion,0.8720345125107852,0.400336419714814,0.2537313432835821,0.4358974358974359,0.17894736842105263,0.9711475409836066,0.8833819241982507,1481,44,156,34
4,Pleural effusion,0.9404186505506854,0.7238009921430238,0.6182965299684543,0.7205882352941176,0.5414364640883977,0.9752281616688396,0.9294460641399417,1496,38,83,98
4,Pleural thickening,0.9303686158524869,0.7502724588538007,0.68,0.6819484240687679,0.6780626780626781,0.9186217008797654,0.8693877551020408,1253,111,113,238
4,Pneumothorax,0.9183954573564963,0.10258044751958469,0.0,0.0,0.0,1.0,0.9877551020408163,1694,0,21,0
4,Pulmonary fibrosis,0.9139982461329307,0.6587298693395807,0.5945945945945946,0.6111111111111112,0.5789473684210527,0.9323671497584541,0.8775510204081632,1351,98,112,154
