epoch,train_loss,val_loss,macro_roc_auc,macro_pr_auc
1,0.24428735687419154,0.2033968012832053,0.8834956191700771,0.4042721670961562
2,0.19206460484279356,0.18313556915775403,0.9035650789861025,0.45609364517116363
3,0.16808541731403184,0.18230059228996265,0.910634748944745,0.4863176768412929
4,0.14845860679138098,0.17973715238577656,0.9154846977754881,0.5074920387074592
5,0.13377102273083727,0.18785204155752827,0.9155596435705927,0.523823915584628
6,0.11809150704948639,0.17717444906138086,0.9155818530433716,0.5313946181518849
7,0.10244986569251198,0.1832441315327954,0.9212293987801304,0.548375644701678
8,0.08531325635054969,0.21470449757414228,0.9202655200163454,0.5524332715991208
9,0.07060730398162009,0.2246568671293733,0.9187406460435177,0.5485653520050545
10,0.058159869182247005,0.24104176789583828,0.917027379571164,0.5433276362822305
11,0.04746617715300783,0.2701142624048067,0.9161912498446181,0.5507374199361527
